course_code,course_name
AR52001,CONSTRUCTION PROJECT MANAGEMENT
EP61201,ENTREPRENEURSHIP ESSENTIALS
IP69108,SEMINAR
PH31207,CLASSICAL MECHANICS
MM61313,MEDICAL BIOTECHNOLOGY
AR40211,REAL ESTATE VALUATION AND ECONOMICS
BT29204,CELL AND MOLECULAR BIOLOGY LABORATORY
CS30202,DATABASE MANAGEMENT SYSTEMS
GG40231,ADVANCED STRUCTURAL GEOLOGY
MA41201,ABSTRACT ALGEBRA
MM50007,RADIATION DOSIMETRY AND PROTECTION
PE69003,HYDROCARBON PRODUCTION ENGINEERING LABORATORY
RE69004,RELIABILITY SIMULATION LABORATORY
EE69401,SEMINAR-I
GG21202,GEOPHYSICAL SIGNAL PROCESSING
GG48201,SUMMER INTERNSHIP
GG59022,GROUNDWATER GEOLOGY LABORATORY
MM40003,VACCINES AND IMMUNITY
NA69202,MARINE DYNAMICS LABORATORY
AR29202,MATERIAL TESTING LABORATORY
CE69008,ADVANCED ENVIRONMENTAL MONITORING LAB
GG30201,COMPUTER APPLICATIONS IN GEOLOGY
HS20202,ECONOMETRIC ANALYSIS I
IP60109,LAW OF PROPERTY
ME60030,MONITORING AND CONTROLLING OF MANUFACTURING SYSTEMS
AE21204,INTRODUCTION TO AEROSPACE STRUCTURES
BS57002,PROJECT
CH29201,FUEL LABORATORY
CS29203,ALGORITHMS LABORATORY
GG20208,THERMODYNAMICS OF GEOLOGICAL SYSTEMS
HS30207,ECONOMETRIC ANALYSIS II
NA61005,ANALYSIS OF OCEAN STRUCTURES
ME67122,PROJECT - 1
MT21202,DEFORMATION BEHAVIOUR OF MATERIALS
BM63034,BUSINESS ETHICS AND CORPORATE GOVERNANCE
CR68021,SUMMER INTERNSHIP
EC31205,ALGORITHMS
EE29202,MEASUREMENT AND ELECTRONIC INSTRUMENTS LABORATORY
EE60002,ADVANCED MACHINE DRIVES
GG20204,PALEONTOLOGY AND  STRATIGRAPHY
AG69247,FOOD PLANT AND EQUIPMENT DESIGN LABORATORY
EC68421,SUMMER INTERNSHIP
GG20211,MINERALOGY
MF58201,SUMMER INTERNSHIP
AR13307,DESCRIPTIVE GEOMETRY 1
EX69005,EXPERIMENTAL TECHNIQUES IN GEOSCIENCES (LAB)
MI59006,MINE AUTOMATION AND VIRTUAL REALITY LABORATORY
NA49204,MARINE COMPUTATION LAB
AE20202,INTRODUCTION TO FLIGHT VEHICLE CONTROLS
AG29202,CROP PRODUCTION TECHNOLOGY LABORATORY
EC61215,ANALOG AND MIXED-SIGNAL CIRCUITS
EM48201,SUMMER INTERNSHIP
MA20208,STOCHASTIC PROCESSES AND APPLICATIONS
MT20204,COMPUTER APPLICATIONS IN METALLURGICAL PROCESSES
PH11003,PHYSICS OF WAVES
AE21201,INTRODUCTION TO AERODYNAMICS
CE60046,SOIL EXPLORATION
CH21204,HEAT TRANSFER
EC61202,CAD FOR VLSI
EM41204,INTERNATIONAL ECONOMICS I
MT31007,"CREEP, FATIGUE AND FRACTURE"
CE39201,STRUCTURAL MODELLING AND SIMULATION LABORATORY
CR69045,SEMINAR
EX48201,SUMMER INTERNSHIP
IM60003,WORK SYSTEM DESIGN
RT68021,SUMMER INTERNSHIP
ME60014,CONVECTIVE HEAT AND MASS TRANSFER
ME61203,ADVANCED THERMODYNAMICS
CE31004,DESIGN OF STEEL STRUCTURES
EC60334,DEEP LEARNING
GG48014,FIELD WORK(SEDIMENTARY GEOLOGY)
GG50201,HYDROGEOSCIENCES
HS60063,BUSINESS ENVIORNMENT AND POLICY
IP63104,JURISPRUDENCE AND JUDICIAL PROCESS
AE21202,LOW SPEED AERODYNAMICS
AG48201,SUMMER INTERNSHIP
ME39202,THERMOFLUIDS LABORATORY
MM58004,COMPREHENSIVE VIVA
MM59001,BASIC TREATMENT PLANNING LAB
AG69245,SEMINAR
BT20205,MICROBIOLOGY
CS31202,OPERATING SYSTEMS
EA10007,EXTRA ACADEMIC ACTIVITY-I
GG21211,GEOPHYSICAL FIELD THEORY
MA20204,APPLIED COMPUTATIONAL METHODS
AG31008,POST HARVEST ENGINEERING
BT29203,BIOCHEMISTRY LABORATORY
EE69203,CONTROL SYSTEMS LABORATORY
IP61014,LABOUR AND INDUSTRIAL LAW - II
MA39206,MODELLING AND SIMULATION LAB
AR69202,REMOTE SENSING AND GIS LAB
CH21206,REACTION ENGINEERING
GG20203,SEDIMENTOLOGY
HS30037,PETROLEUM ECONOMICS AND MANAGEMENT
IM49001,PRODUCT DEVELOPMENT PROJECT
IP60106,CIVIL PROCEDURE CODE AND LIMITATION ACT
MM68201,SUMMER INTERNSHIP
PH40204,PARTICLE PHYSICS
SD10001,LINEAR ALGEBRA
EE21201,SIGNALS AND SYSTEMS
MA49207,NONLINEAR PROGRAMMING LAB
AG39005,FOOD ENGINEERING LAB.
AR30204,DEVELOPMENT OF CONTEMPORARY ARCHITECTURE 2
BM63011,QUANTITATIVE TECHNIQUES I
BT30204,DOWNSTREAM PROCESSING
CE30204,WATER RESOURCES ENGINEERING
EC60338,VISION AND VISUALIZATION
MM69320,MEDICAL ELECTRONICS LAB
GG39001,IGNEOUS PETROLOGY LAB.
MT31015,PRINCIPLES OF EXTRACTIVE METALLURGY
AR60004,DEVELOPMENT MANAGEMENT AND FINANCE
CE69005,COMPUTER APPLICATIONS IN FREE SURFACE FLOW AND APPLIED HYDROLOG
CL69201,DESIGN LAB
CY20204,CHEMISTRY OF 3D ELEMENTS
EX49004,NUCLEAR GEOPHYSICS LABORATORY
GG30002,STRATIGRAPHY
AG60063,SOIL SYSTEMS
ID60205,FINANCING INFRASTRUCTURE PROJECTS
MM61318,MEDICAL ELECTRONICS
MT31009,MECHANICAL WORKING OF MATERIALS
IP60124,PROFESSIONAL ETHICS AND PROFESSIONAL ACCOUNTING SYSTEM
NA39004,CAD-CAM LAB.
EE41001,INDUSTRIAL INSTRUMENTATION
IP60122,INTERPRETATION OF STATUTES
BS41004,ADVANCES IN PROTEIN STRUCTURE AND FUNCTION
EE61012,CONVEX OPTIMIZATION IN CONTROL AND SIGNAL PROCESSING
GG30212,ELECTROMAGNETIC METHODS OF PROSPECTING
ME30202,APPLIED THERMODYNAMICS
MM50009,BRACHYTHERAPY PHYSICS AND TREATMENT PLANNING
TE61002,MIMO COMMUNICATIONS
AG69029,SOIL SYSTEMS LAB
AR42001,LANDSCAPE DESIGN AND SITE PLANNING
EX58201,SUMMER INTERNSHIP
IP69107,SEMINAR
NA58201,SUMMER INTERNSHIP
CE13003,ENGINEERING DRAWING AND COMPUTER GRAPHICS
CE69015,SOIL MECHANICS LABORATORY
EX28202,FIELD WORK
GG29209,INTRODUCTION TO EARTH SCIENCE LAB
AG68321,SUMMER INTERNSHIP
BT69204,BIOPROCESS TECHNOLOGY LABORATORY
EE61203,SENSORS AND MEASUREMENT TECHNOLOGY
PH68221,SUMMER INTERNSHIP
BS40002,MOLECULAR MICROBIOLOGY
CE68221,SUMMER INTERNSHIP
CR61003,CRYOGENIC LIQUEFACTION SYSTEMS AND CRYOCOOLERS
GG20206,PETROLOGY
HS69203,ADVANCED ECONOMETRICS LAB
IP60117,LAW OF CRIMES - II
SD11011,OSCILLATIONS AND WAVES
AG29203,AGRICULTURAL BIOTECHNOLOGY LABORATORY
AR13305,GRAPHICS AND VISUAL COMMUNICATION
BM63025,"ORGANIZATIONAL DESIGN, CHANGE AND TRANSFORMATION"
GG49202,TIME VARYING FIELD AND ELECTROMAGNETIC METHODS LABORATORY
GG60201,RESERVOIR GEOPHYSICS
MI69201,DATA ANALYTICS AND MACHINE LEARNING LABORATORY
BM69010,BUSINESS SIMULATION GAME
GG50023,MODELING AND SIMULATION OF GEOLOGICAL  PROCESSES
IP63702,DISSERTATION
MI39205,MINERAL ENGINEERING LABORATORY
PH29208,THERMAL PHYSICS LAB
AT69202,ELECTRIC TRANSPORTATION SYSTEMS DESIGN LAB
TE69001,COMMUNICATIONS HARDWARE LABORATORY
IP60123,TRADEMARK AND DESIGN
ME29002,MECHANISM SESSIONAL
AR20202,WATER SUPPLY AND SANITATION
EE21206,ELECTRICAL MACHINES
EE69247,PG POWER ELECTRONICS LAB
EV10003,ENVIRONMENTAL SCIENCE
GG21201,INTRODUCTION TO EARTH SCIENCE
GG39009,METAMORPHIC PETROLOGY LAB.
MT69145,SEMINAR
HS30212,GENERAL EQUILIBRIUM AND WELFARE ECONOMICS
HS58201,SUMMER INTERNSHIP
AE49012,FLIGHT TESTING LABORATORY
AG60302,ADVANCED THERMAL OPERATIONS IN FOOD PROCESSING
AG69023,FISHERY BIOLOGY AND FISH CULTURE LAB
BT69201,BIOSEPARATION TECHNOLOGY LABORATORY
CE20203,GEOMATICS
CE69017,FOUNDATION ENGINEERING LABORATORY
IM31014,DESIGN FOR ASSEMBLY AND AUTOMATION
ME67123,PROJECT - 2
EX58018,GEOPHYSICAL FIELDWORK - II
NA20201,MECHANICS OF DEFORMABLE BODIES
AE58201,SUMMER INTERNSHIP
AG60201,SURFACE WATER HYDROLOGY
AG69024,ON-FARM WATER MANAGEMENT LABORATORY
BT30201,BIOPROCESS TECHNOLOGY
EE67122,PROJECT - 1
EM20204,STATISTICS FOR ECONOMICS
PH29212,OPTICS LAB
MI40208,SAFETY ENGINEERING AND MINE LEGISLATION
MT39009,MECHANICAL TESTING AND WORKING LAB.
CY41211,PRINCIPLES OF ORGANIC SYNTHESIS
EE21205,ANALOG ELECTRONIC CIRCUITS
EE39004,EMBEDDED SYSTEMS LAB.
GG49204,VERTEBRATE AND MICRO-PALEONTOLOGY LAB
IM29202,WORK SYSTEM DESIGN LABORATORY
IP68101,SUMMER INTERNSHIP (8 WEEKS)
MM61520,SEMINAR-II
BM63017,ORGANIZATIONAL BEHAVIOUR
BM69001,SPREADSHEET MODELLING AND PROGRAMMING FOR BUSINESS
CS68021,SUMMER INTERNSHIP
EE69018,POWER AND ENERGY SYSTEM SIMULATION LAB
GG40229,BOREHOLE GEOPHYSICS
IP60119,LAW OF PATENT - I
CE69006,TRANSPORTATION ENGINEERING LAB II
MT60004,PRINCIPLES AND TECHNIQUES OF MATERIALS CHARACTERIZATION
RT69045,SEMINAR
AT60003,EMBEDDED SOFTWARE DESIGN AND VALIDATION
CH21203,CHEMICAL PROCESS CALCULATIONS
HS60017,HR ANALYTICS
MM61513,IMAGE PROCESSING LABORATORY
PH30207,MATHEMATICS FOR PHYSICS II
AE49003,AIRCRAFT DESIGN AND OPTIMISATION
AG20201,SOIL TECHNOLOGY
CS21203,ALGORITHMS - I
EE60100,MIXED SIGNAL CIRCUITS AND SYSTEMS ON CHIP
EX41004,NUCLEAR GEOPHYSICS
ME69245,SEMINAR
AE31002,AEROSPACE STRUCTURAL DYNAMICS
AG31006,FOOD SCIENCE AND TECHNOLOGY
AT67122,PROJECT - 1
BS40003,NUCLEIC ACIDS: STRUCTURE AND FUNCTION
GG31006,IGNEOUS PETROLOGY
GG38202,FIELD GEOLOGY II
CE68521,SUMMER INTERNSHIP
CS10003,PROGAMMING AND DATA STRUCTURES
AG60032,CROP BREEDING AND BIOTECHNOLOGICAL APPLICATION
AR60220,PLANNING INFORMATICS
BM63010,MARKETING RESEARCH
BS41001,CELL AND DEVELOPMENTAL BIOLOGY
CE60006,HYDRAULICS OF SEDIMENT TRANSPORT
CE60044,THEORY OF ELASTIC STABILITY AND BEHAVIOUR OF METAL STR.
EE69208,INSTRUMENTATION SYSTEM DESIGN
IM48201,SUMMER INTERNSHIP
ME69345,SEMINAR
MI69205,SUBSURFACE ENVIRONMENT LABORATORY
ID69201,INFRASTRUCTURE PERFORMANCE AND MANAGEMENT WORKSHOP
AT69145,SEMINAR
BT39008,BIOINFORMATICS LABORATORY
CE60028,INDUSTRIAL WATER POLLUTION CONTROL
CY41011,PRINCIPLES OF ORGANIC SYNTHESIS
GG41007,ADVANCED STRUCTURAL GEOLOGY
HS60022,INTERNATIONAL HRM
BT20204,CELL AND MOLECULAR BIOLOGY
BT60203,ANIMAL CELL CULTURE AND IMMUNOTECHNOLOGY
CY41212,MOLECULAR THERMODYNAMICS AND MOLECULAR REACTION DYNAMICS
EC21208,SIGNALS AND SYSTEMS
EE69016,EMBEDDED SYSTEMS LABORATORY
EM39203,ECONOMETRIC ANALYSIS II LAB
AG60053,FISHERY BIOLOGY AND FISH CULTURE TECHNIQUES
EC21206,ELECTROMAGNETIC ENGINEERING
GG31204,GRAVITY AND MAGNETIC METHODS OF PROSPECTING
MM58006,COMPREHENSIVE VIVA VOCE
WM60007,ENVIRONMENTAL HYDROLOGY AND HYDRAULICS
WM69005,GEO INFORMATICS LABORATORY
GG69145,SEMINAR
IP61021,INFORMATION TECHNOLOGY LAW
MA40205,THEORY OF ORDINARY DIFFERENTIAL EQUATIONS
BM63008,MARKETING MANAGEMENT II
EA10009,EXTRA ACADEMIC ACTIVITY-III
HS60016,PERFORMANCE MANAGEMENT
ME49204,CIM LABORATORY
MI31207,VENTILATION AND CLIMATE CONTROL
MM61213,MATHEMATICAL METHODS IN BIOMEDICAL ENGINEERING
AE69045,SEMINAR
CS31204,COMPUTER NETWORKS
EC69507,SEMINAR-I
MT20202,MATERIALS PROCESSING
AR34202,ARCHITECTURAL DESIGN IV
GG49208,HYDROGEOLOGY LAB
MA69203,PROGRAMMING LANGUAGES AND DATA STRUCTURES LAB
AG69008,FOOD ENGINEERING LAB-II
BM63015,BUSINESS ANALYTICS
EE69206,EMBEDDED CONTROL SYSTEMS LABORATORY
GG49207,RADIOMETRIC METHODS OF PROSPECTING LAB
IM61218,MACHINE LEARNING FOR INDUSTRIAL APPLICATIONS
AT60202,INTELLIGENT TRANSPORTATION SYSTEM
CE68321,SUMMER INTERNSHIP
EC61203,FOUNDATIONS OF LEARNING THEORY
EX48204,GEOPHYSICAL FIELD WORK I
GG39207,BOREHOLE GEOPHYSICS(LAB)
GG39208,ELECTROMAGNETIC METHODS LABORATORY
MM71514,MOLECULAR IMAGING
BS49001,CHEMICAL BIOLOGY LABORATORY
CS69045,SEMINAR
HS39201,BEHAVIORAL SCIENCES LABORATORY
HS60239,INDUSTRIAL LAW FOR MANAGERS
PE60001,DRILLING AND HYDROFRACKING TECHNOLOGY
CH31203,COMPUTER AIDED PROCESS ENGINEERING
CR61001,INTRODUCTION TO CRYOGENICS AND SUPERCONDUCTIVITY
ES68021,SUMMER INTERNSHIP
ME29201,INTRODUCTION TO BASIC MANUFACTURING PROCESSES
MI21202,MINE SURVEYING AND GEOINFORMATICS
AG39006,FOOD SCIENCE AND TECHNOLOGY LABORATORY
AG69035,AGRICULTURAL PRODUCTION SYSTEMS LAB
AT60201,PRINCIPLES OF AUTOMOTIVE DYNAMICS AND CONTROL
BM68004,COMPREHENSIVE VIVA
MM61511,BIOSTATISTICS
CH68021,SUMMER INTERNSHIP
GG30210,METAMORPHIC PETROLOGY
IP60132,PATENT DRAFTING AND SPECIFICATION WRITING
ME60001,THEORY OF MACHINING
BT31006,BIOINFORMATICS
CE69007,TRANSPORTATION ENGINEERING LAB I
EE40013,DIGITAL SIGNAL PROCESSING
IM21204,OPERATIONS RESEARCH II
MS68021,SUMMER INTERNSHIP
TE69002,EMBEDDED COMMUNICATIONS LABORATORY
AG69145,SEMINAR
CH61011,ADVANCED FLUID DYNAMICS
PH39205,ELECTROMAGNETISM AND OPTICS LAB
AR48008,OFFICE TRAINING
AR60225,SUSTAINABLE MATERIALS
CE69401,SEMINAR-I
CS29206,SYSTEMS PROGRAMMING LABORATORY
EE11003,ELECTRICAL TECHNOLOGY
HS39202,FINANCIAL ANALYSIS LABORATORY
CE39202,STRUCTURAL DESIGN SESSIONAL
EE40016,INDUSTRIAL AUTOMATION AND CONTROL
GG49210,REMOTE SENSING AND GIS LABORATORY
SE61202,OCCUPATIONAL SAFETY ENGINEERING
AE69003,AEROSPACE LABORATORY I
AG60042,WATER RESOURCES SYSTEM ANALYSIS
CS60005,FOUNDATIONS OF COMPUTING SCIENCE
IP60103,LAW OF CONTRACT - I
PH21212,QUANTUM PHYSICS
PH40201,MODERN OPTICS
EX49201,RESERVOIR GEOPHYSICS PRACTICES LAB
GG39201,GEOCHEMISTRY LAB
MA60002,DATA STRUCTURE AND ALGORITHM
PH61201,ADVANCES IN FUNCTIONAL MATERIALS
CY49201,ADVANCED ORGANIC CHEMISTRY LABORATORY
MI39002,MINE HAZARDS AND RESCUE LABORATORY
RE69001,SEMINAR-I
TE60114,BROADBAND ACCESS NETWORKS
AG20203,THEORY OF MACHINE ELEMENTS
AR20207,CLIMATOLOGY AND SOLAR ARCHITECTURE
EE60020,MACHINE LEARNING FOR SIGNAL PROCESSING
MA20201,NUMERICAL SOLUTION OF ORDINARY AND PDE
HS29201,ECONOMIC DATA ANALYSIS LABORATORY
MA41206,FLUID MECHANICS
AE69208,INNOVATION LABORATORY II
AG39003,LAND AND WATER RESOURCES ENGINEERING LAB.
AG60002,ALTERNATIVE ENERGY SOURCES
CY29201,PHYSICAL CHEMISTRY LABORATORY I
EC31204,COMMUNICATION-II
EM30212,GENERAL EQUILIBRIUM AND WELFARE ECONOMICS
MI60239,BULK MATERIAL HANDLING
MM50021,RADIOPHARMACEUTICALS
CS21201,DISCRETE STRUCTURES
EC29201,BASIC ELECTRONICS LABORATORY
AE31009,AEROSPACE STRUCTURAL ANALYSIS
AG60061,CROP PRODUCTION SYSTEMS
AG69003,TRACTOR SYSTEMS LABORATORY I
AR60221,SUSTAINABLE BUILT ENVIRONMENT DESIGN PRINCIPLES
BM69014,MANAGERIAL COMMUNICATION
BT20202,PLANT TISSUE AND CELL CULTURE
ME30005,HEAT TRANSFER
MS61001,SCIENCE AND TECHNOLOGY OF SEMICONDUCTORS
EC68521,SUMMER INTERNSHIP
EC69012,DESIGN LABORATORY
GG30203,ELECTRICAL METHODS OF PROSPECTING
GG49005,ORE GEOLOGY LAB.
HS69016,PERSONAL GROWTH LAB.
IP63102,LAW AND SOCIAL TRANSFORMATION IN INDIA
PH41016,NUCLEAR AND PARTICLE PHYSICS -I
PH69245,SEMINAR
AR32201,WORKING DRAWING I
BT69202,RECOMBINANT DNA TECHNOLOGY LABORATORY
GG29204,DETERMINATIVE MINERALOGY LABORATORY
IP63101,CONSTITUTIONAL LAW OF INDIA
MA60274,AI AND ML
BM63007,MANAGEMENT INFORMATION SYSTEMS
IP60101,"JURISPRUDENCE (LEGAL METHODS, INDIAN LEGAL SYSTEM AND BASIC THEORY OF LAW)"
IP60134,TRADE SECRET AND TECHNOLOGY TRANSFER
MM40005,MICROBIAL GENETICS AND GENETIC ENGINEERING
PH21214,OPTICS
SD11009,CALCULUS AND ODE
BM40202,DERIVATIVES AND RISK MANAGEMENT
EE61209,LINEAR SYSTEMS AND CONTROL
GG30217,ENGINEERING GEOLOGY
GG48012,FIELD WORK(STRUCTURAL GEOLOGY)
MM59007,RADIATION DOSIMETRY AND PROTECTION LAB
AT60006,"EMBEDDED SENSING, ACTUATION AND INTERFACING SYSTEM"
AT69001,EMBEDDED CONTROL LABORATORY
GG49007,ADVANCED STRUCTURAL GEOLOGY LAB.
ME21202,BASIC THERMODYNAMICS
AR34201,ARCHITECTURAL DESIGN III
AT67222,PROJECT - 1
IM31005,QUALITY DESIGN AND CONTROL
MM71315,FUNDAMENTALS OF MEDICAL INSTRUMENTS
MT39004,MATERIALS CHARACTERISATION LAB.
EC60298,WIRELESS COMMUNICATION
EE29208,ELECTRONIC CIRCUITS LABORATORY
MT68221,SUMMER INTERNSHIP
CH48013,INDUSTRIAL TRAINING
CH61014,ADVANCED HEAT TRANSFER
EC31004,VLSI ENGG.
PH21210,THERMAL PHYSICS
AG39201,FARM MACHINERY LABORATORY
CY30208,INTERMEDIATES AND TRANSITION STATES IN ORGANIC SYNTHESIS
EC69019,RF AND MICROWAVE CIRCUITS LABORATORY
HS13003,ENGLISH FOR COMMUNICATION
HS41204,INTERNATIONAL ECONOMICS I
MM61314,TRANSLATIONAL HEALTH RESEARCH
CS29204,SWITCHING CIRCUITS LABORATORY
EE60005,RENEWABLE AND DISTRIBUTED ENERGY SYSTEMS
IP63802,COMPREHENSIVE VIVA VOCE
MA30227,OPTIMIZATION TECHNIQUES
MM69201,MEDICAL BIOTECHNOLOGY LABORATORY
CE69013,PLANNING AND DESIGN OF ENV. ENGG. FACILITIES
EE39009,CONTROL AND INSTRUMENTATION LAB.
GG40210,VERTEBRATE AND MICRO-PALEONTOLOGY
SD11003,INTRODUCTION TO INORGANIC CHEMISTRY
AR20203,ADVANCED BUILDING MATERIALS AND COMPOSITES
GG31202,GEOPHYSICAL INVERSE THEORY
GG39202,METAMORPHIC PETROLOGY LAB
IP60112,LAW OF CRIMES - I
NA60021,PHYSICAL AND DYNAMICAL OCEANOGRAPHY
EM30201,INDIAN ECONOMY
ID60206,INFRASTRUCTURE PROJECT MANAGEMENT
AG69026,FOOD PROCESS ENGINEERING LABORATORY
CE30201,PAVEMENT ENGINEERING
EE60019,SWITCHED MODE POWER CONVERSION
EE60023,POWER SYSTEM ANALYSIS AND OPERATION
EM21203,MICROECONOMICS I
EM29202,ECONOMETRIC ANALYSIS - I LABORATORY
PH21209,ELECTROMAGNETISM
CE21204,TRANSPORTATION ENGINEERING
CH39006,MASS TRANSFER LABORATORY
CH61016,PROCESS DYNAMICS AND CONTROL
EE31011,POWER ELECTRONICS
GG39205,SEISMIC METHODS OF PROSPECTING LAB
MI49201,PLANNING AND DESIGN LABORATORY
AG31003,LAND AND WATER RESOURCES ENGINEERING
CH61015,ADVANCED MATHEMATICAL TECHNIQUES IN CHEMICAL ENGINEERING
EM49207,ECONOMIC DECISIONS LAB
IE39001,INSTRUMENTATION DEVICES LABORATORY
IM21202,MANAGEMENT OF INVENTORY SYSTEMS
PH39204,NUCLEAR PHYSICS LAB
AE29204,STRUCTURES LABORATORY - I
AE31008,THEORY OF JET PROPULSION
AR20205,BUILDING CONSTRUCTION
MI20201,DEVELOPMENT OF MINERAL DEPOSITS
MT39005,HEAT TREATMENT OF MATERIALS LAB.
PH29201,GENERAL PROPERTIES OF MATTER LABORATORY
CY41214,STRUCTURE AND FUNCTION OF BIOMOLECULES
MA39203,DESIGN AND ANALYSIS OF ALGORITHMS LAB
ME67324,PROJECT - 3
PH62002,COMPUTATIONAL METHODS FOR MATERIALS DESIGN
GG39203,PALEONTOLOGY LABORATORY
GG39204,ECONOMIC GEOLOGY LAB
IP60110,ENVIRONMENTAL LAW
PH20202,MATHEMATICAL METHODS I
EC48201,SUMMER INTERNSHIP
GG21203,PALEONTOLOGY
IM49003,PRODUCT DEVELOPMENT LABORATORY
MA30206,MATHEMATICAL MODELLING
SD11007,PRINCIPLES OF MACROECONOMICS - I
MA69204,STATISTICS SOFTWARE LAB
ME21205,DYNAMICS
NA40010,OFFSHORE TECHNOLOGY
CE60037,STRENGTH AND DEFORMATION CHARACTERISTICS OF SOILS
GG49201,STATIONARY FIELD AND ELECTRICAL METHODS LABORATORY
RE69003,RELIABILITY TESTING LABORATORY
AI61005,ARTIFICIAL INTELLIGENCE: FOUNDATIONS AND APPLICATIONS
EE68321,SUMMER INTERNSHIP
EE69205,SIGNAL PROCESSING SYSTEMS DESIGN LABORATORY
IM21008,WORK SYSTEM DESIGN
PH29202,THERMAL PHYSICS LABORATORY
CS19003,PROGAMMING AND DATA STRUCTURES LABORATORY
EC69218,ANTENNA AND EMI/EMC LABORATORY
EE68121,SUMMER INTERNSHIP
GG31004,SEDIMENTOLOGY
HS21202,MICROECONOMICS II
MM69324,SEMINAR I
MT60001,THERMODYNAMICS OF ENGINEERING MATERIALS
AG68521,SUMMER INTERNSHIP
AR60223,CULTURAL SYSTEMS AND ALTERNATIVE CONCEPTS
CE60223,THEORY OF ELASTICITY
EP68021,SUMMER INTERNSHIP
HS49207,ECONOMIC DECISIONS LAB
IM37004,DESIGN FOR MANUFACTURABILITY AND ASSEMBLY PROJECT
CE39011,W AND W.W. ENGINEERING LABORATORY
EC31005,RF AND MICROWAVE ENGINEERING
EE60102,STATISTICAL SIGNAL PROCESSING
HS31201,PUBLIC FINANCE
MI60009,FUNDAMENTALS AND APPLIED GEOMECHANICS
NA69045,SEMINAR
SD19001,ART EDUCATION AND CREATIVE EXPRESSIONS - I
EC60305,ACTIVE AND PASSIVE RF COMPONENTS
EE21202,MEASUREMENT AND ELECTRONIC INSTRUMENTS
HS60010,INDUSTRIAL RELATIONS
IM61204,SYSTEMS MODELLING AND DATA ANALYTICS
MM60024,BIOMEDICAL IMAGING INFORMATICS
MT21204,TRANSPORT PHENOMENA IN METALLURGICAL PROCESSES
CS58201,SUMMER INTERNSHIP
ES61002,SOLAR PHOTOVOLTAIC TECHNOLOGIES AND SYSTEMS
NA49005,MARINE STRUCTURAL LABORATORY
AG60031,PLANT METABOLITES AND SEPARATION TECHNOLOGY
EC69216,VLSI DESIGN LABORATORY
IP60115,ADMINISTRATIVE LAW
IP60127,ALTERNATE DISPUTE RESOLUTION
MI69004,GEOMECHANICS LAB.
NA30203,RESISTANCE
IM60021,PRODUCTION PLANNING AND INVENTORY CONTROL
IP60111,FAMILY LAW
AE51001,ADVANCED VISCOUS FLOW THEORY
AR10301,INTRODUCTION TO ARCHITECTURE
AR13301,BASIC DESIGN 1
BS49002,CELL BIOLOGY LABORATORY
CL61205,GEOPHYSICAL FLUID DYNAMICS
EX58202,GEOPHYSICAL FIELD WORK II
MM71326,HEALTHCARE MANAGEMENT
AG60188,DESIGN OF AQUACULTURAL FACILITIES AND EQUIPMENT
AR29201,BUILDING CONSTRUCTION SESSIONAL I
CE39204,WATER RESOURCES AND GEOTECHNICAL ENGINEERING SESSIONAL
CH21207,FLUID MECHANICS
MA30231,FUNCTIONAL ANALYSIS
PH29204,OPTICS LABORATORY
CY29202,ORGANIC CHEMISTRY LABORATORY I
IM21002,PRODUCTION DESIGN AND PROCESS PLANNING
ME21201,FLUID MECHANICS
MS69008,MATERIALS CHARACTERIZATION LABORATORY
MT21203,METALLURGICAL THERMODYNAMICS AND KINETICS
PH39209,COMPUTATIONAL PHYSICS LAB
CE39203,GEOTECHNICAL ENGINEERING LABORATORY
CH58201,SUMMER INTERNSHIP
HS21204,MACROECONOMICS II
ME39201,"CASTING, FORMING AND WELDING LAB"
AR60207,BASIC QUANTITATIVE METHODS IN PLANNING
GG29202,STRUCTURAL GEOLOGY LABORATORY
GG60212,TECTONICS AND GEODYNAMICS
IE49002,INSTRUMENTATION SYSTEM DESIGN
MA60259,COMPUTER ORGANISATION AND ARCHITECTURE
RT60004,INDUSTRIAL RUBBER  II
CY39003,ORGANIC CHEMISTRY LABORATORY II
EE39006,POWER ELECTRONICS LAB.
EE39201,INSTRUMENTATION SYSTEM DESIGN-1
GG40243,COAL AND PETROLEUM GEOLOGY
ME67224,PROJECT - 3
MI60072,ADVANCED SAFETY ENGINEERING
RE61001,QUALITY CONTROL AND ANALYSIS
CE69091,CAD AND VISUALISATION
EA19003,EXTRA ACADEMIC ACTIVITY-III
GG30211,GEOCHEMISTRY
MA49210,STATISTICAL LAB
MI31204,MINERAL ECONOMICS AND BUSINESS
MT41013,CORROSION AND ENVIRONMENTAL DEGRADATION OF MATERIALS
CY20206,REAGENTS AND REACTIVITY
EE69002,SEMINAR-II
IP69101,MOOT COURT
MA49204,NUMERICAL ANALYSIS LAB
MA69045,SEMINAR
SE69001,SEMINAR
CR69003,CRYOGENIC SYSTEMS LABORATORY
MA58007,SUMMER TRAINING
MI61009,ENVIRONMENTAL ENGINEERING AND MANAGEMENT
MM59005,NUCLEAR IMAGING AND THERAPY LABORATORY
RE61008,ROBUST DESIGN FOR QUALITY
AR60044,REMOTE SENSING AND GIS IN PLANNING
EC21202,DIGITAL ELECTRONIC CIRCUITS
MM59010,CLINICAL NUCLEAR MEDICINE DIAGNOSTIC TECHNIQUES LABORATORY
AR60209,TRANSPORTATION ENGINEERING AND PLANNING
EA19004,EXTRA ACADEMIC ACTIVITY-IV
IE31001,INSTRUMENTATION DEVICES
PH40008,PHYSICS OF RADIATION GENERATORS
AR62102,INDEPENDENT RESEARCH PAPER
MT48201,SUMMER INTERNSHIP
CY49202,ADVANCED PHYSICAL CHEMISTRY LABORATORY
CY57006,PROJECT AND VIVA
GG29207,SEDIMENTOLOGY LAB
HS30201,INDIAN ECONOMY
MA60306,BIG DATA ANALYSIS
ME60352,ROBOTICS
ES69201,RENEWABLE ENERGY SYSTEMS LABORATORY
IM31011,DESIGN FOR MANUFACTURABILITY
IM41006,NETWORKS AND PROJECT MANAGEMENT
IM69202,MACHINE LEARNING FOR INDUSTRIAL APPLICATION LABORATORY
ME39604,MACHINES TOOLS AND MACHINING LAB.
BT48017,INDUSTRIAL TRAINING
EE69545,SEMINAR
GG20202,STRUCTURAL GEOLOGY
HS60026,BASIC BUSINESS STATISTICS LABORATORY
IP63701,DISSERTATION
EC30202,COMPUTER ARCHITECTURE
GG39206,IGNEOUS PETROLOGY LAB
MA58011,SUMMER TRAINING
MI48039,INDUSTRIAL TRAINING
MM49003,MOLECULAR TECHNOLOGY LABORATORY
IM61207,APPLIED MULTIVARIATE STATISTICAL MODELLING
PH49018,RADIATION DETECTION AND MEASUREMENT LAB
MT39022,X-RAY DIFFRACTION AND TRANSMISSION ELECTRON MICROSCOPY LABORATORY
QE58201,SUMMER INTERNSHIP
CY11003,CHEMISTRY
IE31002,INSTRUMENTATION DEVICES-II
IP63103,LEGAL RESEARCH METHODOLOGY
MA11003,ADVANCED CALCULUS
MA60308,FILE ORGANIZATION AND DATABASE SYSTEMS
MT29203,METALLURGICAL THERMODYNAMICS AND KINETICS LABORATORY
AE31103,HIGH SPEED AERODYNAMICS
CH39020,INSTRUMENTATION AND PROCESS CONTROL LABORATORY
GG49211,IGNEOUS PETROGENESIS LAB
IM60005,DECISION MODELLING
PE69001,RESERVOIR ENGINEERING LABORATORY
CH29202,FLUID FLOW LABORATORY AND DESIGN
CH30012,TRANSPORT PHENOMENA
EC61207,STATISTICAL SIGNAL PROCESSING
GG69202,MICROPALEONTOLOGY LABORATORY
PE60002,RESERVOIR ENGINEERING FUNDAMENTALS
ME69208,COMPUTATIONAL THERMO-FLUIDS LAB
MM79325,SEMINAR-II
BM63032,BUSINESS LAW FOR MANAGERS
CS39006,NETWORKS LAB.
CS48003,SUMMER TRAINING
EC61204,ANTENNA THEORY AND PRACTICE
GG69201,MAGNETOTELLURIC METHODS OF PROSPECTING LABORATORY
IM31006,SIMULATION
MT60003,PROGRAMMING AND NUMERICAL METHODS IN MATERIALS ENGINEERING
CE69004,CASE STUDIES ON COMPUTATIONAL HYDRAULICS AND SEDIMENT TRANSPORT
EP69045,SEMINAR
AG31201,DESIGN OF FARM MACHINERY
CS39002,OPERATING SYSTEMS LABORATORY
EC69307,SEMINAR-I
GG29206,OPTICAL MINERALOGY LAB
MM61518,TELEMEDICINE LABORATORY
PH39214,SPECTROSCOPY LAB
EM31201,PUBLIC FINANCE
GG49011,GEOPHYSICAL PROSPECTING LAB.
HS60236,BUSINESS  SOCIETY AND  ETHICS
MM58001,SEMINAR
AG69012,AQUACULTURAL ENGINEERING LAB. II
EC39201,DSP LABORATORY
HS60243,ADVANCED MACROECONOMICS
IM58201,SUMMER INTERNSHIP
IM61003,HUMAN FACTORS ENGINEERING
MA20205,PROBABILITY AND STATISTICS
AG60021,FOOD CHEMISTRY AND MICROBIOLOGY
EE69011,POWER AND ENERGY SYSTEMS LAB.
EX58003,SUMMER TRAINING/PROJECT/INTERNSHIP
EX60004,ADVANCED TECHNIQUES OF MINERAL EXPLORATION
GG68121,SUMMER INTERNSHIP
IM39202,STATISTICAL LEARNING LAB
ME58201,SUMMER INTERNSHIP
AR10304,BUILDING MATERIALS
CY20202,PHYSICAL CHEMISTRY II
EX60011,HYDROCARBON EXPLORATION
IP60104,LAW OF CONTRACT - II
MT32008,IRON MAKING AND STEELMAKING
PE40002,HYDROCARBON PRODUCTION ENGINEERING
AR60211,UTILITIES AND SERVICES PLANNING
BS40004,INFECTION AND IMMUNITY
EE21203,NETWORK ANALYSIS
MI31211,MATERIAL HANDLING AND MINERAL ENGINEERING
TE69003,COMMUNICATIONS SIMULATION LABORATORY
IM31203,PRODUCTION PLANNING AND CONTROL
MA39204,FILE ORGANIZATION AND DATABASE SYSTEMS LAB
BT69016,RECOMBINANT DNA TECHNOLOGY LABORATORY
CS39001,COMPUTER ORGANIZATION LABORATORY
GG31201,SEISMOLOGY
HS60043,INDIVIDUAL AND GROUP DYNAMICS
HS60261,FINANCIAL MANAGEMENT
HS69202,BUSINESS COMMUNICATION
MM40017,BASICS OF RADIOBIOLOGY RADIOPHARMACEUTICAL CHEMISTRY AND IN VITRO DIAGNOSTIC TECHNIQUES
SE69202,SAFETY AND RISK ANALYTICS LABORATORY
AG41202,GROUNDWATER HYDROLOGY
CS69202,DESIGN LAB
EE60026,POWER SYSTEM PROTECTION
GG40205,PALEONTOLOGY
AG39004,IRRIGATION AND DRAINAGE ENGINEERING LABORATORY
CH39202,PROCESS EQUIPMENT DESIGN-II
ME60402,ADVANCED MECHANICS OF SOLIDS
MI29201,ROCK MECHANICS LABORATORY
MA69202,AI AND ML LAB
CY30201,"CHEMISTRY OF MAIN GROUP ELEMENTS: RING, CHAINS, CLUSTERS"
EC21205,SEMICONDUCTOR DEVICES
EE69249,PG ELECTRICAL MACHINE LAB
EM21205,MACROECONOMICS I
IM21203,ENGINEERING ECONOMY
MA30207,DESIGN AND ANALYSIS OF ALGORITHMS
MA21202,MODERN ALGEBRA
AE39001,AERODYNAMICS LAB-II
AR32202,WORKING DRAWING II
CY41009,INTRODUCTION TO QUANTUM CHEMISTRY AND SPECTROSCOPY
EE69212,MIXED SIGNAL VLSI LABORATORY
GG58006,FIELD WORK (6 WEEKS)
IP60131,OTHER FORMS OF IPR
AG69004,TRACTOR SYSTEMS LABORATORY II
CE29206,SURVEYING PRACTICE
GG20214,MINERALOGICAL THERMODYNAMIC
MF30604,NON-TRADITIONAL MANUFACTURING PROCESSES
IM69045,SEMINAR
IP69102,MOOT COURT
AE31004,AIRCRAFT STABILITY AND CONTROL
CY40210,ORGANOMETALLICS
EA10008,EXTRA ACADEMIC ACTIVITY-II
EC69207,SEMINAR-I
EE39203,DIGITAL SIGNAL PROCESSING LABORATORY
GG60004,INSTRUMENTAL METHODS IN GEOSCIENCES
ME29204,WORKSHOP PRACTICE
PH20206,MATHEMATICS FOR PHYSICS - I
SE69201,SAFETY ENGINEERING LABORATORY
AG69039,GEO-INFORMATICS FOR LAND AND WATER RESOURCES LABORATORY
BM59001,MODELING AND SIMULATION OF FINANCIAL SYSTEMS
BT60002,RECOMBINANT DNA TECHNOLOGY
CH21201,CHEMICAL ENGINEERING THERMODYNAMICS
EE31009,CONTROL SYSTEM ENGINEERING
IP68102,COMPREHENSIVE VIVA VOCE
EM20202,ECONOMETRIC ANALYSIS I
EM30206,ECONOMICS OF GROWTH
EX30004,GEOPHYSICAL FIELD THEORY
MA20206,THEORY OF COMPUTATIONS
SD11012,CALCULUS OF SEVERAL VARIABLES
AG60033,PRINCIPLES OF PLANT BREEDING
CH61012,ADVANCED MASS TRANSFER
EE68221,SUMMER INTERNSHIP
ES69009,SEMINAR - I
HS60076,COMPENSATION MANAGEMENT
IP60121,PUBLIC INTERNATIONAL LAW
SE68001,SUMMER INTERNSHIP
AG60056,PLANNING AND DESIGN OF AQUACULTURAL FARMS
BM63014,MACRO ECONOMICS FOR MANAGERS
EC61209,ADVANCED ELECTROMAGNETIC ENGINEERING
MI30205,UNDERGROUND METAL MINING
PH41013,MATHEMATICAL METHODS I
AR30201,DEVELOPMENT OF CONTEMPORARY ARCHITECTURE 1
BM63009,PRODUCTION AND OPERATIONS MANAGEMENT
EX51003,REMOTE SENSING
HS60201,FUNDAMENTALS OF STAFFING
WM69045,SEMINAR
CE30203,GEOTECHNICAL ENGINEERING
CE68421,SUMMER INTERNSHIP
CY21201,PHYSICAL CHEMISTRY I
CY41201,SPECTROSCOPIC METHODS OF STRUCTURE DETERMINATION
EM30203,FINANCIAL INSTITUTIONS AND MARKETS
MA41203,INTEGRAL EQUATIONS AND VARIATIONAL METHODS
SD11006,INTRODUCTION TO PHYSICAL CHEMISTRY
CS21202,SWITCHING CIRCUITS AND LOGIC DESIGN
EE69004,MACHINE DRIVES LABORATORY
MI29202,MINE SURVEYING LABORATORY
NA30201,PROPULSION
NA61202,ADVANCED METHODS IN MARINE HYDRODYNAMICS
PH21202,THERMAL PHYSICS
EE69010,INSTRUMENTATION LABORATORY II
GG40233,GEOPHYSICAL PROSPECTING
MA41204,COMPLEX ANALYSIS
MS60006,TECHNIQUES OF MATERIALS CHARACTERIZATION - I
SD11018,TRANSFORM CALCULUS
ME31201,"CASTING, FORMING AND WELDING"
AG20202,CROP PRODUCTION TECHNOLOGY
AR44201,ARCHITECTURAL DESIGN V
CY49203,ADVANCED INORGANIC LAB
GG20205,INTRODUCTORY GEOPHYSICS
GG20207,ORE GEOLOGY
MA41213,TOPOLOGY
AG68121,SUMMER INTERNSHIP
EE31002,POWER SYSTEMS
GG52020,ENGINEERING GEOLOGY
MI30201,UNDERGROUND COAL MINING
MI39203,MINING MACHINERY LABORATORY
NA39006,MARINE DESIGN LABORATORY - I
CE60021,WATER SUPPLY SYSTEMS
CE69023,ENVIRONMENTAL LAB
EM39201,BEHAVIORAL SCIENCES LABORATORY
HS39203,ECONOMETRIC ANALYSIS II LAB
IM49202,OPTIMIZATION AND HEURISTICS METHODS LAB
IP60107,CONSTITUTIONAL LAW - I
TE61004,TELECOMMUNICATIONS NETWORK PLANNING AND MANAGEMENT
CE60035,MECHANICS OF SOILS
EC21204,LINEAR ALGEBRA AND OPTIMIZATION MODELS
EM21204,MACROECONOMICS II
GG49209,METAMORPHIC PHASE EUILIBRIA LAB
GG52022,GROUNDWATER GEOLOGY
IP63803,SEMINAR
ME68121,SUMMER INTERNSHIP
SD19003,INORGANIC CHEMISTRY LAB
AR60204,PLANNING WORKSHOP - II
AR69205,DESIGN AND SIMULATION LAB - I
BS57001,PROJECT
BT39201,ANALYTICAL BIOCHEMISTRY LABORATORY
CH69004,DESIGN II
IE20202,DATA COMMUNICATION
PH30201,COMPUTATIONAL PHYSICS
WM69006,WATER ENGINEERING LABORATORY
CH39015,MECHANICAL OPERATIONS AND HEAT TRANSFER LABORATORY
CY61228,MOLECULAR STRUCTURE AND MOLECULAR SPECTROSCOPY
EC21210,SYSTEMS AND CONTROL
EE39002,POWER SYSTEMS LAB.
ME31203,KINEMATICS AND KINETICS OF MACHINES
ME48701,SUMMER TRAINING
MS69004,ADVANCED LABORATORY
AR60205,PLANNING WORKSHOP I
CH69003,DESIGN I
GG29211,ORE GEOLOGY LAB
HS21205,MACROECONOMICS I
HS60074,STRATEGIC HRM
MA68021,SUMMER INTERNSHIP
IP69105,MOOT COURT
MM41003,STATISTICS AND COMPUTER SCIENCE IN NUCLEAR MEDICINE
AG68621,SUMMER INTERNSHIP
CE60005,APPLIED HYDROLOGY
EC69407,SEMINAR-I
ES61207,BATTERY STORAGE AND FUEL CELLS
EX50002,TECTONICS AND GEODYNAMICS
HS29202,ECONOMETRIC ANALYSIS - I LABORATORY
XXXX,INTERNSHIP BASED PROJECT
PH21203,ELECTROMAGNETISM
AG29201,SOIL TECHNOLOGY LABORATORY
HS60206,RESEARCH METHODOLOGY
IP60102,COPYRIGHT
MM40008,ANTIMICROBIAL AGENT AND THERAPY
MM68121,SUMMER INTERNSHIP
MT41011,PHYSICS OF MATERIALS
GS68121,SUMMER INTERNSHIP
IP63901,CLINICAL LEGAL PROGRAM (ADVANCED LEGAL WRITING)
BT69045,SEMINAR
CE31001,DESIGN OF RC STRUCTURE
CE60244,TRAFFIC ENGINEERING
CH31010,MASS TRANSFER II
CY21203,MOLECULAR STRUCTURE AND BONDING
EX48206,GEOPHYSICAL FIELD WORK - I
MS61005,SCIENCE AND TECHNOLOGY OF POLYMERS
AR48014,DOCUMENTATION OF INNOVATIVE DETAILS
CE60023,WASTEWATER MANAGEMENT
IP60118,LAW OF EVIDENCE
IP69106,MOOT COURT
PH30204,CONDENSED MATTER PHYSICS
AG69645,SEMINAR
BT30206,IMMUNOLOGY
KS11001,SANSKRIT
MI69009,GEONUMERICS LABORATORY
EX57004,PROJECT
GG38002,FIELD WORK (3 WEEKS)
AG31004,IRRIGATION AND DRAINAGE ENGINEERING
AG69014,AGRICULTURAL SYSTEMS MODELLING LAB
AR58102,SEMINAR
CS21204,FORMAL LANGUAGE AND AUTOMATA THEORY
EP69201,DESIGN THINKING LAB
EP69202,PRODUCT PROTOTYPING LAB
AE39004,PROPULSION LABORATORY
AG30204,OFF-ROAD VEHICLE SYSTEMS
BT29207,BIOCHEMICAL ENGGINEERING LABORATORY
CE29204,TRANSPORTATION ENGINEERING LABORATORY
CH21205,MECHANICAL OPERATIONS
PH39202,CONDENSED MATTER PHYSICS LAB
EC31201,DIGITAL SIGNAL PROCESSING- I
GG40207,STATIONARY FIELD AND ELECTRICAL METHODS
IM21201,OPERATIONS RESEARCH I
IP61013,FAMILY LAW II
MM59002,RADIATION ONCOLOGY LAB - ADVANCED TREATMENT PLANNING
NA48001,INDUSTRIAL TRAINING
AR69206,DESIGN AND SIMULATION LAB - II
CH69002,SEMINAR-II
GG21205,MINERALOGY
MI39201,VENTILATION LABORATORY
BS58004,SEMINAR
CS31003,COMPILERS
MI31203,MINING MACHINERY AND AUTOMATION
MT31012,MATERIAL CHARACTERIZATION
BT31201,GENETICS AND GENETIC ENGINEERING
GG40237,IGNEOUS PETROGENESIS
ID69045,SEMINAR
ME58002,COMPREHENSIVEVIVA VOCE
ME69102,ADVANCED MANUFACTURING LABORATORY-II
RT60002,RUBBER PRODUCT MANUFACTURING TECHNOLOGY
BM63001,FINANCIAL ACCOUNTING AND REPORTING
BM63002,CORPORATE FINANCE
CE30205,WATER AND WASTEWATER ENGINEERING
CR69006,CRYOGENIC HEAT TRANSFER LABORATORY
IP61019,IPR MANAGEMENT
ME69003,ENGINEERING SOFTWARE LABORATORY
MT69003,COMPUTER PROGRAMMING LAB. (LAB. I)
NA20202,MARINE HYDRODYNAMICS
AE21205,THERMODYNAMICS AND AEROSPACE PROPULSION SYSTEMS
CE60012,ANALYSIS AND DESIGN OF PAVEMENTS
CY41215,"INORGANIC CHEMISTRY: PRINCIPLE, STRUCTURE AND REACTIVITY"
CY61206,SOLID STATE CHEMISTRY
EC29202,DIGITAL CIRCUITS LABORATORY
GG39210,GRAVITY AND MAGNETIC METHODS OF PROSPECTING (LAB)
ME60235,ADDITIVE MANUFACTURING
WM68021,SUMMER INTERNSHIP
AE48003,SUMMER TRAINING
AT60008,EMBEDDED COMMUNICATION NETWORKS
CH49015,REACTION ENGINEERING LABORATORY
EE61008,MEDICAL IMAGE ANALYSIS
GG29005,INTRODUCTION TO EARTH SCIENCE LAB.
MA51002,MEASURE THEORY AND INTEGRATION
AE39201,INNOVATION LABORATORY I
AE60001,AERODYNAMICS
BT61201,ASPECTS OF BIOCHEMICAL ENGINEERING
EE69301,SEMINAR-I
ME69101,ADVANCED MANUFACTURING LABORATORY-I
MM62201,INTRODUCTION TO PROGRAMMING
AG69017,PLANT METABOLITES AND SEPARATION TECHNOLOGY LABORATORY
GG41005,ORE GEOLOGY
MM61505,PHYSICS AND INSTRUMENTATION OF MEDICAL IMAGING
MS69045,SEMINAR
MI60254,DESIGN OF SUBSURFACE ENVIRONMENTAL SYSTEMS
MM41002,GLOBAL HEALTH AND EPIDEMIOLOGY
AG69037,HYDROLOGICAL SYSTEMS LABORATORY
AG69445,SEMINAR
AR60002,PLANNING LEGISLATION AND PROFESSIONAL PRACTICE
EM39202,FINANCIAL ANALYSIS LABORATORY
EN19003,ENGINEERING LABORATORY
MA29202,NUMERICAL METHODS LABORATORY
PH21206,QUANTUM PHYSICS
CE21201,SOLID MECHANICS
GG49001,GEOCHEMISTRY LAB.
MM69322,BIOMATERIALS LAB
MA41207,MATHEMATICAL ANALYSIS
MT21201,INTRODUCTION TO ENGINEERING MATERIALS
AE60007,FLIGHT MECHANICS
BT40204,ENVIRONMENTAL BIOTECHNOLOGY
EC58201,SUMMER INTERNSHIP
EC60309,VLSI PROCESS TECHNOLOGY
GG59010,APPLIED MICROPALEONTOLOGY LABORATORY
IE58201,SUMMER INTERNSHIP
CY47202,PROJECT - 2
EP61204,TECHNOPRENEURIAL MARKETING
GG29205,GEOLOGY LABORATORY
IM41001,PRODUCT DEVELOPMENT
MA21203,COMBINATORICS AND GRAPH THEORY
AE40026,SPACE DYNAMICS
GG21207,INTRODUCTION TO EARTH SCIENCE
MM59012,CLINICAL NUCLEAR MEDICINE THERAPY TECHNIQUES LABORATORY
MT29202,MATERIALS PROCESSING LABORATORY
PH41014,CONDENSED MATTER PHYSICS-I
WM61002,RIVER BASIN PLANNING AND MANAGEMENT
MI62004,COMPUTATIONAL GEOMECHANICS
MM40004,CLINICAL MICROBIOLOGY
AI61003,LINEAR ALGEBRA FOR AI AND ML
BM63003,COST AND MANAGEMENT ACCOUNTING
CE60001,FREE SURFACE FLOW
EC39202,EMBEDDED SYSTEMS LABORATORY
IM69205,PROGRAMMING FOR DATA SCIENCE LABORATORY
MA40206,NUMERICAL ANALYSIS
MM61204,THERMODYNAMICS AND TRANSPORT IN BIOLOGICAL SYSTEMS
AT60001,EMBEDDED CONTROL SYSTEMS
CE69245,SEMINAR
EC29203,NETWORK THEORY LABORATORY
EE30004,EMBEDDED SYSTEMS
EE49001,CONTROL AND ELECTRONIC SYSTEM DESIGN
MA48201,SUMMER INTERNSHIP
AG69545,SEMINAR
HS60072,KNOWLEDGE MANAGEMENT
PH30210,NUCLEAR PHYSICS
TE61003,COMMUNICATIONS SIGNAL PROCESSING AND ALGORITHMS
MM69501,"BASIC HUMAN ANATOMY, PHYSIOLOGY AND PATHOLOGY LABORATORY"
EC49202,DESIGN LABORATORY
EC69213,VLSI CIRCUITS AND SYSTEMS LABORATORY
HS60221,FUNDAMENTALS OF HRM
IM61212,SAFETY AND RISK ANALYTICS
IP68103,SUMMER INTERNSHIP - I (4 WEEKS)
ME30602,DESIGN OF MACHINE ELEMENTS
CY29204,INORGANIC QUALITATIVE ANALYSIS LABORATORY
GG40202,TIME VARYING FIELD AND ELECTROMAGNETIC METHODS
ME69008,DESIGN PROJECT
MM50027,"RADIATION PROTECTION, REGULATORY ASPECTS AND OPERATION"
CY40206,BIOINORGANIC CHEMISTRY
EE29206,ELECTRICAL MACHINES LABORATORY
EX48202,FIELD GEOPHYSICS II
ME30604,MACHINES TOOLS AND MACHINING
ME60403,VIBRATION ANALYSIS
NA31004,CAD-CAM MARINE DESIGN AND PRODUCTION
MA69004,DATA STRUCTURE AND ALGORITHM LABORATORY
MT41031,EXTRACTIVE METALLURGY OF NON-FERROUS METALS
AR13302,BASIC DESIGN 2
AT69002,EMBEDDED APPLICATIONS LABORATORY
EC69210,INTELLIGENT SYSTEMS DESIGN LABORATORY
EM21206,DEVELOPMENT ECONOMICS
ID68021,SUMMER INTERNSHIP
IE21202,DATA COMMUNICATION
TE60203,SEMINAR
BT20201,INTRODUCTION TO BIOTECHNOLOGY
CE69012,STRUCTURAL LAB.-II
HS60035,ORGANISATION STRUCTURE AND DYNAMICS
IM60002,ADVANCED DECISION MODELLING
MI21201,ROCK MECHANICS
PE40001,PETROLEUM ENGINEERING FUNDAMENTALS
GG57020,PROJECT WORK
MI60215,INDUSTRIAL HYGIENE
AG69345,SEMINAR
DY17003,DIY PROJECT
EC68321,SUMMER INTERNSHIP
EE58201,SUMMER INTERNSHIP
EM30207,ECONOMETRIC ANALYSIS II
GG40204,SEQUENCE STRATIGRAPHY
HS61202,PUBLIC POLICY
NA29202,HYDROSTATICS LABORATORY
CE58201,SUMMER INTERNSHIP
CY21205,FUNDAMENTALS OF ORGANIC REACTIONS
EC60045,ANALYTICAL AND COMPUTATIONAL TECHNIQUES IN ELECTROMAGNETICS
EE68421,SUMMER INTERNSHIP
ES61209,BIOENERGY RESOURCES AND TECHNOLOGIES
GG48202,FIELD GEOLOGY III
NA69005,DESIGN PROBLEMS IN OCEAN ENGINEERING
AR30202,FIELD TRIP II
BM63019,MICRO ECONOMICS FOR MANAGERS
BM63023,BUSINESS GOVERNMENT AND INTERNATIONAL ECONOMIC ENVIRONMENT
CY19003,CHEMISTRY LABORATORY
MI31202,COMPUTATIONAL METHODS AND MINE INSTRUMENTATION
EC21207,ANALOG ELECTRONIC CIRCUITS
EC39002,DIGITAL COMMUNICATION LABORATORY
IM31201,SUPPLY CHAIN MANAGEMENT
MA20203,THEORY OF PARTIAL DIFFERENTIAL EQUATIONS
SD10008,TEACHER AND SOCIETY
AR40205,"SOCIETY, CULTURAL SYSTEMS AND BUILT FORMS"
AR60215,HOUSING AND COMMUNITY PLANNING
EE69210,MACHINE LEARNING FOR SIGNAL PROCESSING LABORATORY
MF40603,COMPUTER INTEGRATED MANUFACTURING
MI60256,WORKPLACE NOISE AND VIBRATION
MM50020,PHYSICS OF NUCLEAR MEDICINE AND INTERNAL DOSIMETRY
MM49004,MOLECULAR DIAGNOSTIC LABORATORY
PE58002,COMPREHENSIVE VIVA VOCE
PH69007,FMD LABORATORY - I
EC39001,ANALOG COMMUNICATIONS LAB.
EC69209,DESIGN AND SIMULATION LABORATORY: COMMUNICATION SYSTEMS
GG49206,SEDIMENTARY PETROLOGY LABORATORY
MM40002,CLINICAL RESEARCH METHODS
NA60010,ANALYSIS OF OCEAN STRUCTURES II
CE39007,CONCRETE LABORATORY
IP61017,LABOUR AND INDUSTRIAL LAW - I
NA30202,MANEUVERING AND CONTROL
NA31002,MARINE DESIGN
PH39011,ELECTRONICS AND SOLID STATE PHYSICS LAB.
PH60016,EXPERIMENTAL TECHNIQUES FOR FUNCTIONAL MATERIALS
EM21202,MICROECONOMICS II
EP61202,OPERATIONS AND SUPPLY CHAIN MANAGEMENT
AR48012,CRITICAL APPRAISAL
AR48016,FIELD OBSERVATION
AT69204,EMBEDDED COMMUNICATIONS LABORATORY
EA10010,EXTRA ACADEMIC ACTIVITY-IV
EE60039,PROBABILITY AND RANDOM PROCESSES FOR SIGNALS AND SYSTEMS
EE69019,INSTRUMENTATION LABORATORY I
GG31003,MINERAL RESOURCES
IM29204,OPERATIONS RESEARCH LABORATORY
MT30001,MATERIALS ENGINEERING
WM60011,SECTORAL WATER DEMAND AND DISTRIBUTION
CE60221,PAVEMENT MATERIALS
GG28204,FIELD GEOLOGY I
PH29205,GENERAL PROPERTIES OF MATTER LAB
EC69211,IMAGE AND VIDEO PROCESSING LABORATORY
HS30203,FINANCIAL INSTITUTIONS AND MARKETS
ME60401,APPLIED ELASTICITY
MM50023,NUCLEAR IMAGING EQUIPMENT AND QUALITY CONTROL
PH29207,ELECTROMAGNETISM LAB
BM63006,BUSINESS ECONOMETRICS
EC31202,DIGITAL SIGNAL PROCESSING- II
EE29201,SIGNALS AND NETWORKS LABORATORY
ME32202,MACHINE DRAWING
ME68221,SUMMER INTERNSHIP
MM40007,BASICS OF MEDICAL MICROBIOLOGY
EE60012,OPTIMAL CONTROL
IP60130,CORPORATE LAW - II
MM49002,CLINICAL MICROBIOLOGY LABORATORY
PH40202,ORDER AND CHAOS
RE68121,SUMMER INTERNSHIP
AR48018,SITE SUPERVISION
BT20203,BIOCHEMISTRY
CL68021,SUMMER INTERNSHIP
EE30024,ILLUMINATION AND ELECTRICAL SERVICES
HS60247,ADVANCED MICROECONOMICS
MM79317,MEDICAL INSTRUMENTATION LAB
CE60225,FINITE ELEMENT ANALYSIS
GG39008,SEDIMENTOLOGY LAB.
ME11003,BASIC ENGINEERING MECHANICS
MM61312,MEDICAL IMAGING
NA31007,VIBRATION OF FLOATING STRUCTURES
PH48201,SUMMER INTERNSHIP
BT49201,ANIMAL CELL CULTURE AND IMMUNOTECHNOLOGY LABORATORY
EX38202,FIELD GEOPHYSICS I
ME67322,PROJECT - 1
MI69203,ENVIRONMENTAL ENGINEERING LABORATORY
PH31201,QUANTUM MECHANICS
EX41005,EARTH AND PLANETARY SYSTEMS
GG40223,RADIOMETRIC METHODS OF PROSPECTING
IP60113,CORPORATE LAW - I
IP63801,SEMINAR
PH49201,INNOVATION LAB
CE48201,SUMMER INTERNSHIP
EC61211,PATTERN RECOGNITION AND MACHINE INTELLIGENCE
GG60230,GROUNDWATER EXPLORATION AND MANAGEMENT
MM61316,BIOMATERIALS
AE39003,STRUCTURES LAB -II
BT61026,MICROBIAL GENOMICS AND METAGENOMICS
CE30202,ANALYSIS AND DESIGN OF GEOTECHNICAL SYSTEMS
CL61208,FUNDAMENTALS OF OCEANIC AND ATMOSPHERIC SCIENCES
ME68321,SUMMER INTERNSHIP
MM49001,NUMERICAL METHODS AND COMPUTATIONAL TECHNIQUES LAB
PH31205,ELECTRODYNAMICS
AG39202,OFF-ROAD VEHICLE SYSTEMS LAB
BS41003,BIOPHYSICAL AND BIOCHEMICAL METHODS
CE69301,SEMINAR-I
CS39003,COMPILERS LABORATORY
EE48201,SUMMER INTERNSHIP
MA60281,NONLINEAR PROGRAMMING
PH60305,PRINCIPLES OF RADIATION DETECTION AND MEASUREMENTS
CE60048,ANALYSIS OF FOUNDATION
EE69145,SEMINAR
GG40218,REMOTE SENSING AND GIS
HS21206,DEVELOPMENT ECONOMICS
IM68021,SUMMER INTERNSHIP
NA41001,OFFSHORE TECHNOLOGY
AE39002,SYSTEM LABORATORY
AR52003,PRINCIPLES OF TOWN PLANNING AND URBAN DESIGN
EE61201,INTRODUCTION TO ELECTRICAL MACHINES AND DRIVES
MS61003,SCIENCE AND TECHNOLOGY OF CERAMICS
NA69003,HYDRODYNAMICS LABORATORY
AG31005,PRINCIPLES OF FOOD ENGINEERING
EM61202,PUBLIC POLICY
PH49203,CONDENSED MATTER PHYSICS LAB II
SD11005,PRINCIPLES OF MICROECONOMICS - I
AG60190,ADVANCED GROUNDWATER HYDROLOGY
CY49204,BIOCHEMICAL TECHNIQUES LABORATORY
GG30208,ECONOMIC GEOLOGY
GG31203,SEISMIC METHODS OF PROSPECTING
GG40004,SEQUENCE STRATIGRAPHY
NA39011,HYDRODYNAMICS LABORATORY
AT61202,AUTOMOTIVE ELECTRONICS
RE61004,ADVANCED RELIABILITY ENGINEERING
CH69005,LABORATORY
EC60332,INFORMATION THEORY AND CODING
GG58201,SUMMER INTERNSHIP
IM20202,WORK SYSTEM DESIGN
MI68121,SUMMER INTERNSHIP
PH39201,MODERN PHYSICS LAB
BS41002,STRUCTURE DETERMINATION OF BIOMOLECULES
EE60037,LINEAR ALGEBRA IN SIGNALS AND SYSTEMS
EX58016,COMPREHENSIVE VIVA VOCE
IM31202,STATISTICAL LEARNING WITH APPLICATIONS
IM69203,OPERATIONS RESEARCH AND ANALYTICS LAB
MM61516,MEDICAL IMAGING LABORATORY
AR29204,BUILDING CONSTRUCTION SESSIONAL II
AR40023,BUILDING ACOUSTICS
GG41201,EARTHQUAKE SEISMOLOGY
HS68004,COMPREHENSIVE VIVA VOCE
HS69015,PSYCHOLOGICAL TESTING AND MEASUREMENT LAB
GG49203,ADVANCED STRUCTURAL GEOLOGY LAB
NA29204,LINESPLAN LABORATORY
AG60062,MANAGEMENT AND PRODUCTIVITY
BS58002,VIVA VOCE
CE60022,AIR QUALITY MANAGEMENT
MA60265,PROGRAMMING LANGUAGES AND DATA STRUCTURES
MS60008,TECHNIQUES OF MATERIALS CHARACTERIZATION - II
PH31202,STATISTICAL PHYSICS
AG68221,SUMMER INTERNSHIP
AR60208,DYNAMICS OF SETTLEMENT SYSTEMS
BM49201,FINANCIAL ANALYTICS
CH69202,M-TECH LABORATORY
HS60257,BUSINESS ECONOMICS
IP60108,CONSTITUTIONAL LAW  - II
CE69145,SEMINAR
CR61005,HEAT AND MASS TRANSFER IN CRYOGENIC SYSTEMS
CS69201,COMPUTING LAB
MM60201,QUANTITATIVE TECHNIQUES IN MEDICINE AND BIOLOGY
AG60004,TRACTOR SYSTEMS DESIGN II
EC21201,BASIC ELECTRONICS
GG60204,MICROPALEONTOLOGY
IP60105,LAW OF TORT AND CONSUMER PROTECTION LAW
PH61013,PRINCIPLES OF QUANTUM DEVICES
ME60017,CONDUCTION AND RADIATION HEAT TRANSFER
PH40203,CONDENSED MATTER PHYSICS II
AE29202,AERODYNAMICS LABORATORY - I
BM63004,SUPPLY CHAIN MANAGEMENT
CE69019,STRUCTURAL LAB.-I
CS59001,DESIGN LABORATORY
EP61205,INNOVATION IN PRODUCT DEVELOPMENT PROCESS
KS10002,UNDERSTANDING INDIA: INDIAN ETHOS AND KNOWLEDGE SYSTEM - II
CE69021,CAD LAB
HS21201,ECONOMICS
BS40009,MOLECULES OF LIFE AND THE FUNDAMENTALS OF LIVING SYSTEMS
CL69203,DATA ANALYTICS IN EARTH SYSTEM SCIENCE
CR69008,CRYOPHYSICS AND VACUUM TECHNOLOGY LABORATORY
CS60003,HIGH PERFORMANCE COMPUTER ARCHITECTURE
AE31007,MECHANICS OF FLIGHT
EE60202,MODELING AND IDENTIFICATION
ME21207,THERMO-FLUID SCIENCE
ME67124,PROJECT - 3
BM63005,STATISTICAL METHODS FOR MANAGEMENT
MM59018,QUALITY ASSURANCE LAB
MT29204,COMPUTER APPLICATIONS IN METALLURGICAL PROCESSES LABORATORY
NA21004,SHIP STRENGTH
WM69201,PLANNING AND DESIGN OF WATER ENGINEERING FACILITIES
ME69036,MECHATRONICS LABORATORY
PH41015,ELECTRONICS FOR PHYSICISTS
AG60001,TRACTOR SYSTEMS DESIGN I
CS20202,SOFTWARE ENGINEERING
CY57201,PROJECT - 3
EE69204,CONTROL DESIGN AND IMPLEMENTATION LABORATORY
GG58005,SUMMER TRAINING/PROJECT/INTERNSHIP
ME40107,AIR CONDITIONING
MI69145,SEMINAR
AR60217,PLANNING HISTORY AND PRINCIPLES
BS41005,COMPUTATIONAL BIOLOGY AND BIOINFORMATICS
GG20201,GEOLOGY FOR ENGINEERS
HS60039,HUMAN RESOURCE DEVELOPMENT
MA41209,LINEAR ALGEBRA
ME29203,MECHANICS OF SOLIDS LABORATORY
EE60024,POWER SYSTEM DYNAMICS AND CONTROL
MI31206,ENVIRONMENTAL SAFETY AND HAZARD MITIGATION
MI60235,STRUCTURAL DESIGN OF UNDERGROUND SPACE
RT60001,INDUSTRIAL RUBBERS - I
AR40215,BUILDING ENERGY SYSTEM AND AUDITING
AT68121,SUMMER INTERNSHIP
CL69202,SIMULATION LAB FOR ATMOSPHERE AND OCEAN DYNAMICS
PH30202,ATOMIC AND MOLECULAR PHYSICS
RT60003,RUBBERS COMPOUNDING AND REINFORCING MATERIALS
AE68021,SUMMER INTERNSHIP
BT29205,MICROBIOLOGY LABORATORY
IP60126,"DRAFTING, PLEADING AND CONVEYANCING"
MT69002,SEMINAR-II
NA31001,ELEMENTS OF OCEAN ENGINEERING
AE60005,AIRCRAFT PROPULSION
CH21202,MASS TRANSFER I
NA40202,ADVANCED MARINE HYDRODYNAMICS
AR28202,FIELD TRIP I
EC68221,SUMMER INTERNSHIP
HS69207,PRIMARY RESEARCH LAB
AG60051,OPEN CHANNEL HYDRAULICS AND COASTAL ENGG.
AG69020,FARM MACHINERY TESTING LABORATORY
AR13304,DESCRIPTIVE GEOMETRY 2
CS31005,ALGORITHMS -II
CY47201,PROJECT - 1
GG20005,INTRODUCTION TO EARTH SCIENCE
AG60010,FOOD PROCESS AND PRODUCT TECHNOLOGY
CS39202,DATABASE MANAGEMENT SYSTEMS LABORATORY
GG40227,MINERAL EXPLORATION
ME60405,AUTOMATIC CONTROL
MM40006,HOSPITAL SKILL DEVELOPMENT
MT31022,X-RAY DIFFRACTION AND TRANSMISSION ELECTRON MICROSCOPY
NA30204,SEAKEEPING
BT58201,SUMMER INTERNSHIP
EC69212,DESIGN AND SIMULATION LABORATORY: COMMUNICATION NETWORKS
ES61201,WIND AND SMALL HYDRO TECHNOLOGY
MA21201,REAL ANALYSIS
MM48002,VIVA VOCE
MM61317,BIOLOGICAL PHYSICS
GG41011,GEOPHYSICAL PROSPECTING
IM31002,QUALITY ENGINEERING
AG69010,FOOD ANALYSIS LABORATORY
AG69015,PLANT BREEDING AND IN VITRO TECHNIQUES LABORATORY
BT60001,BIOSEPARATION TECHNOLOGY
EC31203,COMMUNICATION-I
EC60204,DIGITAL VLSI CIRCUITS
ES69202,ENERGY SYSTEMS DESIGN LABORATORY
ME67323,PROJECT - 2
SD11014,MODERN ALGEBRA
SD19004,BASIC PHYSICS LABORATORY
RT67102,THESIS PART-II
SD11001,EVOLUTION OF INDIAN EDUCATION
BT29202,PLANT TISSUE AND CELL CULTURE LABORATORY
CE32201,MATRIX STRUCTURAL ANALYSIS
CE69003,HYDRAULIC AND WATER RESOURCES ENGG LAB
EC61213,ADVANCED DIGITAL COMMUNICATION
EE60062,DIGITAL IMAGE PROCESSING
MI69010,"SAFETY, HEALTH AND ENVIRONMENT LAB IV (SAFETY AND HUMAN FACTORS)"
GG41202,SEQUENCE STRATIGRAPHIC ANALYSIS
NA39201,OCEAN ENGINEERING LAB
SE61201,PROCESS SAFETY ENGINEERING
GG29203,PALEONTOLOGY LABORATORY
MT49201,CASE STUDIES IN METALLURGICAL AND MATERIALS ENGINEERING
PE69002,DRILLING TECHNOLOGY LABORATORY
PH29203,ELECTROMAGNETISM LABORATORY
MA41022,PARTIAL DIFFERENTIAL EQUATIONS
MM50018,QUALITY ASSURANCE
AG69027,CROP PRODUCTION SYSTEMS LAB
AR52002,PROFESSIONAL PRACTICE AND BUILDING BYELAWS
BS10003,SCIENCE OF LIVING SYSTEMS
CY32204,CHEMICAL APPLICATIONS OF GROUP THEORY AND COMPUTERS
CY60202,ANALYTICAL AND NUCLEAR CHEMISTRY
HS21203,MICROECONOMICS I
MT60002,METALLURGICAL KINETICS
NA20203,HYDROSTATICS AND STABILITY
RE69007,QUALITY ENGINEERING LAB
AI61002,DEEP LEARNING FOUNDATIONS AND APPLICATIONS
AT69003,SOFTWARE DESIGN AND VALIDATION LABORATORY
EC61201,IMAGE AND VIDEO PROCESSING
GG31009,METAMORPHIC PETROLOGY
MT58201,SUMMER INTERNSHIP
MA41211,FUNCTIONAL ANALYSIS
MM50025,CLINICAL NUCLEAR IMAGING-I
AG58201,SUMMER INTERNSHIP
AG69005,FARM MACHINERY DESIGN LABORATORY
AR30203,"SPECIFICATION, ESTIMATION AND COSTING"
CE69010,FOUNDATION DESIGN
CH21208,INSTRUMENTATION AND PROCESS CONTROL
GG40212,SEDIMENTARY PETROLOGY
AR23302,ARCHITECTURAL DESIGN II
EC29205,DEVICES LABORATORY
IM39204,INFORMATION SYSTEM PROJECT
AE31010,VISCOUS FLOW THEORY
AR20201,HISTORY OF ARCHITECTURE II
CE69101,SEMINAR-I
EP61203,FINANCIAL AND LEGAL ASPECTS OF NEW TECHNOLOGY VENTURES
MA20202,TRANSFORM CALCULUS
RE61003,RELIABILITY ENGINEERING
BM63013,MARKETING MANAGEMENT I
EC39004,VLSI LABORATORY
GG29201,INTRODUCTION TO EARTH SCIENCE LABORATORY
IM69201,WORK SYSTEM DESIGN AND VIRTUAL REALITY LABORATORY
MA39207,OPTIMIZATION TECHNIQUES LAB
BM63021,STRATEGIC MANAGEMENT
CE29203,HYDRAULIC AND WATER RESOURCES ENGINEERING LABORATORY
CY48201,SUMMER INTERNSHIP
MA40248,MATHEMATICAL STATISTICS
MA60280,REGRESSION ANALYSIS AND TIME SERIES MODELS
CH39023,PROCESS EQUIPMENT DESIGN-I
CS31702,COMPUTER ARCHITECTURE AND OPERATING SYSTEM
CS60007,ALGORITHM DESIGN AND ANALYSIS
EC60336,MICROWAVE AND MILLIMETER WAVE INTEGRATED CIRCUITS
IE48201,SUMMER INTERNSHIP
IP67104,PROJECT DISSERTATION (SEMINAR + VIVA VOCE)
ME61201,FLUID DYNAMICS
CY39001,PHYSICAL CHEMISTRY LABORATORY II
HS20204,STATISTICS FOR ECONOMICS
ID60017,ENVIRONMENTAL AND NATURAL RESOURCES DRIVEN INFRASTRUCTURE MANAGEMENT
MM50005,RADIATION TREATMENT PLANNING
CS31007,COMPUTER ORGANIZATION AND ARCHITECTURE
GG39211,ENGINEERING GEOLOGY LAB.
GG40235,METAMORPHIC PHASE EUILIBRIA
ID60203,FACILITY PROGRAMMING AND DESIGN
NA49206,STRUCTURAL LAB
EE21208,DIGITAL ELECTRONIC CIRCUITS
IP61015,PRINCIPLES OF TAXATION LAW
ME69601,EXPERIMENTAL METHODS IN THERMAL ENGINEERING
AR23303,COMPUTER AIDED DESIGN AND SIMULATION
BS40005,CARBOHYDRATES AND LIPIDS: STRUCTURE AND FUNCTION
GG31005,MINERAL RESOURCES
ME67222,PROJECT - 1
MI58201,SUMMER INTERNSHIP
ME21203,MECHANICS OF SOLIDS
ME29202,MECHATRONICS LABORATORY
CY39202,INORGANIC QUANTITATIVE ANALYSIS
EC21203,NETWORK THEORY
HS60024,LEADERSHIP
IM39201,SIMULATION LAB
IP63902,CLINICAL LEGAL PROGRAM (TEACHING-LEARNING ASSIATANCE PROGRAM)
MA69201,COMPUTER ORGANISATION AND ARCHITECTURE LAB
MM50026,CLINICAL NUCLEAR IMAGING-II
EC39005,MICROWAVE LABORATORY
EE60032,ANALOG SIGNAL PROCESSING
EE60101,ADVANCED SENSING TECHNIQUES
MM40011,FUNDAMENTALS OF BIOCHEMISTRY AND CELL BIOLOGY
MM50003,RADIOBIOLOGY
AG60104,ON-FARM WATER MANAGEMENT
CE21206,ELEMENTARY STRUCTURAL ANALYSIS
GG40214,HYDROGEOLOGY
GG50010,APPLIED MICROPALEONTOLOGY
HS60065,MANAGEMENT OF CHANGE
RE69006,RELIABILITY DEMONSTRATION LAB
AG60003,FARM MACHINERY DESIGN AND TESTING
GG20210,PALEONTOLOGY AND STRATIGRAPHY
ME67223,PROJECT - 2
ME69035,DESIGN AND DYNAMICS  LABORATORY
PH69202,FMD LABORATORY
CE60219,URBAN TRANSPORTATION SYSTEMS PLANNING
CH30014,CHEMICAL PROCESS TECHNOLOGY
GG21204,STRUCTURAL GEOLOGY
GG30216,IGNEOUS PETROLOGY
KS10001,UNDERSTANDING INDIA: INDIAN ETHOS AND KNOWLEDGE SYSTEM - I
MI49001,SAFETY ENGINEERING LAB.
AE21203,DYNAMICS FOR AEROSPACE ENGINEERS
AR60210,URBAN DESIGN
MM69502,EXPERIMENTAL METHODS IN BIOMEDICAL ENGINEERING
MS69005,LABORATORY
CH49019,COMPUTER AIDED PROCESS ENGINEERING LAB.
CS29202,SOFTWARE ENGINEERING LABORATORY
GG20216,PETROLOGY
NA20204,SHIP CONSTRUCTION AND PRODUCTION
AG69041,FOOD CHEMISTRY AND MICROBIOLOGY LAB.
CH49201,M.TECH SEMINAR
EE60206,SOFT SWITCHING CONVERTERS
IM20204,OPERATIONS RESEARCH
PH19003,PHYSICS LABORATORY
SD11002,HEAT AND THERMODYNAMICS
AG68421,SUMMER INTERNSHIP
EC69214,VLSI TECHNOLOGY AND PROCESS MODELLING LAB
EM29201,ECONOMIC DATA ANALYSIS LABORATORY
ME69145,SEMINAR
RT69004,RUBBER LABORATORY-II
AE60003,AEROSPACE STRUCTURES
ME49206,NTM LAB
MT31017,PHASE TRANSFORMATION AND HEAT TREATMENT OF MATERIALS
AG60301,ADVANCED MECHANICAL OPERATIONS IN FOOD PROCESSING
AG69025,AQUACULTURAL ENGINEERING LAB. I
GG40201,MAGNETOTELLURIC METHODS OF PROSPECTING
IM42202,OPTIMIZATION AND HEURISTICS METHODS
ME30204,COMPUTER-CONTROLLED MANUFACTURING MACHINES
MI49203,MINE COMPUTATION LABORATORY
AR10302,HISTORY OF ARCHITECTURE 1
BT60206,BIOPROCESS PLANT AND EQUIPMENT DESIGN
CE69009,DESIGN AND EVALUATION OF TRANSPORTATION FACILITIES(LAB)
MI31008,SURFACE MINING
MT29201,INTRODUCTION TO ENGINEERING MATERIALS LABORATORY
QM58201,SUMMER INTERNSHIP
AI69002,DESIGN LABORATORY I
AR60232,SUSTAINABLE URBAN ARCHITECTURE
EE61202,NONLINEAR SYSTEMS AND CONTROL
EX20201,PHYSICS OF THE SOLID EARTH
MM59003,RADIOPHARMACY LABORATORY
AG60064,SYSTEMS APPROACH IN AGRICULTURE
CE68121,SUMMER INTERNSHIP
HS30206,ECONOMICS OF GROWTH
IM69004,INFORMATION SYSTEMS PROJECT
MA11004,"LINEAR ALGEBRA, NUMERICAL AND COMPLEX ANALYSIS"
PH21201,CLASSICAL DYNAMICS AND SPECIAL RELATIVITY
AR32004,HOUSING AND COMMUNITY PLANNING
CE29202,GEOMATICS PRACTICE
CE60042,BEHAVIOUR OF RC STRUCTURES
EX38002,FIELD WORK
GG41001,GEOCHEMISTRY
PH21204,OPTICS
AR23304,INDIGENOUS TECHNOLOGIES AND INNOVATIONS WORKSHOP
CE60242,COMPUTATIONAL HYDRAULICS
EC60307,ADVANCED SEMICONDUCTOR DEVICES
IM39005,QUALITY DESIGN AND CONTROL LABORATORY
MM61501,"BASIC HUMAN ANATOMY, PHYSIOLOGY AND PATHOLOGY"
SD11020,FUNDAMENTALS OF OPTICS
BM60112,CORPORATE FINANCE AND FINANCIAL ACCOUNTING
BM63012,HUMAN RESOURCE MANAGEMENT
CE20201,INTRODUCTION TO CIVIL ENGINEERING AND MATERIALS
CL69045,SEMINAR
EC29207,ANALOG  CIRCUITS LABORATORY
GG30214,STRATIGRAPHY
EE60208,MULTILEVEL CONVERTERS: ANALYSIS AND CONTROL
EE68521,SUMMER INTERNSHIP
AR23301,ARCHITECTURAL DESIGN I
AR54201,ARCHITECTURAL DESIGN VI
BT20207,BIOCHEMICAL REACTION ENGINEERING AND BIOENERGETICS
CE21202,STRUCTURAL ANALYSIS
CE21203,HYDRAULICS
CL61203,COMPUTATIONAL METHODS FOR EARTH SYSTEM SCIENCE
MA30008,TOPOLOGY
ME49202,THERMAL ENGINEERING LAB
MM58002,SEMINAR
PH39206,CONDENSED MATTER PHYSICS LAB I
RT69003,RUBBER LABORATORY - I
EC61205,COMMUNICATION NETWORKS
GG28202,FIELD WORK
GG39209,ELECTRICAL METHODS LAB.
PH21205,CLASSICAL DYNAMICS AND SPECIAL RELATIVITY
